Gender,Married,Dependents,Education,Self_Employed,ApplicantIncome,CoapplicantIncome,LoanAmount,Loan_Amount_Term,Credit_History,Property_Area,Loan_Status
0.0,1.0,0.3333333333333333,1.0,0.0,0.20504434609804265,0.15998326616228709,0.3315991817672835,0.75,1.0,0.5,0.0
0.0,1.0,0.0,1.0,1.0,0.13422060621735282,0.0,0.17098082809875553,0.75,1.0,1.0,1.0
0.0,1.0,0.0,0.0,0.0,0.11556394195314078,0.25015951035190515,0.31087423290682825,0.75,1.0,1.0,1.0
0.0,0.0,0.0,1.0,0.0,0.26844121243470564,0.0,0.36527722366552323,0.75,1.0,1.0,1.0
0.0,1.0,0.6666666666666666,1.0,1.0,0.24235767462646673,0.44515237719957335,0.6916951682176928,0.75,1.0,1.0,1.0
0.0,1.0,0.0,0.0,0.0,0.10437889143502804,0.16083198375465996,0.2461087677179057,0.75,1.0,1.0,1.0
0.0,1.0,1.0,1.0,0.0,0.13583125349196104,0.2656486064127101,0.4093177399939905,0.75,0.0,0.0,0.0
0.0,1.0,0.6666666666666666,1.0,0.0,0.17922924950223845,0.16189288074512606,0.43522392606955956,0.75,1.0,1.0,1.0
0.0,1.0,0.3333333333333333,1.0,0.0,0.5745089348123424,1.0,0.9041258940373589,0.75,1.0,0.0,0.0
0.0,1.0,0.6666666666666666,1.0,0.0,0.143168646631843,0.07426278933262663,0.18134330252898315,0.75,1.0,1.0,1.0
0.0,1.0,0.6666666666666666,1.0,0.0,0.13748664096864174,0.8599631004718163,0.5181237215113804,0.75,1.0,1.0,1.0
0.0,0.0,0.0,1.0,0.0,0.08290359444025158,0.3012947452923709,0.29533052126148684,0.75,1.0,0.5,0.0
0.0,1.0,0.6666666666666666,1.0,0.0,0.05811752249211377,0.11521341316461789,0.04404051632846734,0.25,1.0,1.0,1.0
0.0,0.0,0.0,1.0,0.0,0.22146400025863214,0.0,0.3238273259446128,0.75,1.0,1.0,1.0
1.0,0.0,0.0,1.0,0.0,0.15703810927430278,0.0,0.19688701417432455,0.75,0.0,1.0,0.0
0.0,1.0,0.0,0.0,0.0,0.21864536752806774,0.0,0.344552274805068,0.75,1.0,0.5,0.0
0.0,1.0,0.0,0.0,0.0,0.34270994787497416,0.0,0.26942433518591785,0.75,0.0,1.0,0.0
0.0,1.0,0.3333333333333333,1.0,0.0,0.26642790334144534,0.5967545571371783,0.8160448613804242,0.75,1.0,1.0,1.0
0.0,1.0,0.0,0.0,0.0,0.11632452538837244,0.2027374148780707,0.30051175847660067,0.75,0.0,0.0,0.0
0.0,1.0,0.0,1.0,1.0,0.42771633181263097,0.0,0.4948081540433683,0.75,1.0,0.0,1.0
0.0,1.0,0.0,1.0,0.0,0.12522782560079018,0.23902009195201113,0.3160554701219421,0.75,1.0,0.0,1.0
0.0,1.0,0.6666666666666666,0.0,0.0,0.18907209395817767,0.11033328700847385,0.28496804683125926,0.75,1.0,1.0,1.0
0.0,0.0,0.0,0.0,0.0,0.06451537138847425,0.0,0.09067165126449157,0.75,1.0,1.0,0.0
0.0,0.0,0.0,1.0,0.0,0.14169221996345213,0.0,0.19170577695921076,0.75,1.0,1.0,0.0
0.0,0.0,0.3333333333333333,1.0,1.0,0.2099210281239398,0.0,0.2746055724010316,0.75,1.0,0.5,0.0
0.0,1.0,0.0,1.0,0.0,0.1565907072535783,0.17685152831069798,0.29533052126148684,0.75,1.0,0.0,1.0
0.0,0.0,1.0,1.0,0.0,0.5592525259056367,0.3182690971398284,0.8289979544182087,0.75,1.0,0.5,0.0
1.0,1.0,0.0,1.0,0.0,0.16406232099967757,0.15478487090900322,0.37304907948819394,0.75,1.0,0.0,1.0
0.0,0.0,0.0,1.0,0.0,0.18638768183383062,0.7649067301260543,0.47667382379047,0.75,1.0,1.0,1.0
0.0,0.0,0.0,0.0,0.0,0.16768627736754613,0.1769576180097446,0.28496804683125926,0.75,1.0,0.0,1.0
0.0,0.0,0.0,1.0,0.0,0.16106472746082337,0.0,0.20724948860455217,0.75,1.0,1.0,0.0
0.0,0.0,0.0,1.0,0.0,0.08053236373041169,0.1286868049435373,0.1217590745551744,0.75,1.0,1.0,1.0
0.0,1.0,0.0,1.0,0.0,0.17632113636752914,0.24782553697287973,0.3471428934126249,0.75,1.0,0.0,1.0
0.0,1.0,0.3333333333333333,1.0,0.0,0.25273740150727536,0.0,0.1139872187325037,0.75,1.0,1.0,1.0
0.0,1.0,0.0,1.0,0.0,0.26043271626373693,0.0,0.37304907948819394,0.75,1.0,1.0,1.0
1.0,1.0,0.0,1.0,0.0,0.11833783448163274,0.3649485647203366,0.31087423290682825,0.75,0.0,1.0,0.0
1.0,0.0,0.0,1.0,0.0,0.17896080828980376,0.24135406533103654,0.37304907948819394,0.75,1.0,0.0,1.0
1.0,1.0,0.0,0.0,0.0,0.0862591095956854,0.17441146523262596,0.2590618607556902,0.75,1.0,0.0,1.0
1.0,0.0,0.0,1.0,0.0,0.1380682635955836,0.0,0.31087423290682825,0.75,1.0,0.0,1.0
1.0,0.0,0.0,1.0,0.0,0.18925105476646747,0.0,0.290149284046373,0.75,1.0,0.0,0.0
0.0,1.0,0.6666666666666666,1.0,0.0,0.20652077276643352,0.0,0.3471428934126249,0.75,1.0,1.0,0.0
1.0,1.0,0.3333333333333333,1.0,1.0,0.5145123238331858,0.0,0.740916921761274,0.75,0.0,1.0,0.0
0.0,1.0,0.6666666666666666,1.0,0.0,0.12115646721219714,0.12380667878739325,0.2512900049330195,0.75,1.0,0.0,1.0
0.0,1.0,0.0,1.0,0.0,0.0953861108184654,0.16878871118315567,0.2486993863254626,0.75,1.0,0.0,1.0
0.0,1.0,0.0,1.0,0.0,0.15059552017586986,0.23339733790254083,0.34973351202018177,0.75,1.0,0.5,0.0
0.0,1.0,0.3333333333333333,1.0,0.0,0.36150083274540357,0.23870182285487132,0.4663113493602424,0.75,1.0,1.0,1.0
0.0,1.0,0.6666666666666666,0.0,0.0,0.1501928583572178,0.30331044957425646,0.37304907948819394,0.75,1.0,1.0,1.0
0.0,1.0,0.0,1.0,0.0,0.11185050518112734,0.40271649758092953,0.31087423290682825,0.75,1.0,1.0,1.0
0.0,1.0,1.0,1.0,0.0,0.1355180720774539,0.0,0.2564712421481333,0.75,1.0,1.0,1.0
0.0,1.0,0.0,0.0,1.0,0.11672718720702449,0.36590337201175605,0.42745207024688886,0.375,0.0,0.5,0.0
1.0,0.0,0.0,1.0,0.0,0.18638768183383062,0.0,0.30051175847660067,0.75,0.0,0.0,0.0
0.0,1.0,0.0,1.0,0.0,0.2561823970668541,0.48748216711917053,0.6683796007496807,0.75,1.0,0.0,0.0
0.0,0.0,0.0,0.0,0.0,0.143168646631843,0.23912618165105776,0.32641794455216966,0.375,0.0,1.0,0.0
0.0,1.0,0.3333333333333333,1.0,0.0,0.4809571722788476,0.0,0.8082730055577535,0.75,1.0,1.0,1.0
0.0,1.0,1.0,0.0,1.0,0.31765543471440166,0.0,0.3238273259446128,0.125,1.0,1.0,1.0
1.0,0.0,0.0,1.0,0.0,0.19238286891153902,0.0,0.3523241306277387,0.75,0.0,0.0,0.0
0.0,1.0,0.0,1.0,0.0,0.1435265682484226,0.32527101727690466,0.44558640049978715,0.75,1.0,1.0,1.0
0.0,1.0,0.6666666666666666,0.0,1.0,0.08388787888584551,0.19891818571239275,0.2512900049330195,0.75,1.0,0.0,1.0
0.0,0.0,0.0,1.0,0.0,0.1565907072535783,0.0,0.20984010721210908,0.625,1.0,0.0,1.0
0.0,1.0,1.0,1.0,1.0,0.23560190411352663,0.1882031261086852,0.4844456796131407,0.75,1.0,0.0,1.0
0.0,0.0,0.0,1.0,0.0,0.16777575777169101,0.0,0.29273990265392996,1.0,1.0,1.0,0.0
0.0,0.0,0.0,1.0,0.0,0.16777575777169101,0.503926070471395,0.4559488749300148,0.75,1.0,1.0,0.0
0.0,1.0,0.3333333333333333,1.0,1.0,0.04474020207245094,0.32060307051885384,0.28496804683125926,0.75,1.0,1.0,0.0
0.0,1.0,1.0,1.0,0.0,0.14169221996345213,0.4243587961864379,0.4663113493602424,0.625,0.0,0.0,0.0
1.0,0.0,0.0,1.0,0.0,0.17207081717064632,0.0,0.28755866543881614,0.75,1.0,0.0,1.0
1.0,1.0,0.6666666666666666,1.0,0.0,0.061651998455837395,0.19955472390667242,0.4326333074620027,0.75,1.0,1.0,0.0
0.0,1.0,0.3333333333333333,1.0,0.0,0.17842392586493433,0.0,0.1295309303778451,0.5,1.0,1.0,1.0
0.0,0.0,0.0,1.0,0.0,0.10585531810341892,0.26851302828696855,0.3523241306277387,0.75,1.0,0.0,1.0
0.0,1.0,0.0,1.0,0.0,0.11185050518112734,0.22469798258071885,0.26942433518591785,0.75,1.0,0.0,1.0
0.0,0.0,0.0,1.0,0.0,0.3832445709526147,0.0,0.5440299075869495,0.75,1.0,1.0,1.0
0.0,1.0,0.0,1.0,0.0,0.25479545080260807,0.44207577592722164,0.45335825632245785,0.75,1.0,0.0,1.0
0.0,1.0,0.0,1.0,0.0,0.13234151773030986,0.30766012723516745,0.3393710375899542,0.75,1.0,0.0,1.0
0.0,1.0,0.6666666666666666,1.0,0.0,0.27962626295281834,0.5998311584095299,0.4870362982206976,0.375,1.0,0.0,1.0
0.0,1.0,0.6666666666666666,0.0,0.0,0.14643468138313193,0.19308325226482922,0.20984010721210908,0.75,1.0,1.0,1.0
0.0,0.0,0.0,1.0,0.0,0.18491125516543971,0.0,0.3160554701219421,0.75,1.0,0.0,1.0
0.0,0.0,0.0,0.0,0.0,0.16195953150227238,0.0,0.06476546518892255,0.25,1.0,0.0,1.0
1.0,1.0,0.0,1.0,0.0,0.11113466194796813,0.244218487205295,0.3549147492352956,0.75,1.0,0.0,1.0
0.0,1.0,0.0,1.0,0.0,0.0884513794972355,0.10577142994946964,0.1295309303778451,0.75,1.0,0.0,1.0
0.0,1.0,0.0,0.0,0.0,0.18737196627942454,0.0,0.2979211398690437,0.375,1.0,0.0,1.0
0.0,1.0,0.0,1.0,0.0,0.0786980154454412,0.37566362432404415,0.3393710375899542,0.75,1.0,0.0,1.0
0.0,1.0,0.6666666666666666,0.0,0.0,0.19184598648666962,0.3461706879890867,0.344552274805068,0.375,1.0,1.0,1.0
0.0,0.0,0.0,1.0,0.0,0.21667679863687989,0.40377739457139566,0.3911834097410922,0.75,1.0,0.0,1.0
0.0,1.0,0.3333333333333333,1.0,0.0,0.13654709672512025,0.10927239001800776,0.2590618607556902,0.75,1.0,1.0,1.0
0.0,1.0,0.6666666666666666,1.0,0.0,0.5107988870611724,0.11945700112648226,0.582889186700303,0.75,1.0,1.0,1.0
0.0,1.0,0.6666666666666666,1.0,0.0,0.17001276787531355,0.3819229165677941,0.5595736192322909,0.75,0.0,1.0,0.0
0.0,1.0,1.0,0.0,0.0,0.09265695849204589,0.07999163308114354,0.2435181491103488,1.0,1.0,0.0,1.0
0.0,0.0,0.0,1.0,0.0,0.23783891421714917,0.0,0.3523241306277387,0.75,1.0,1.0,1.0
0.0,1.0,0.3333333333333333,1.0,0.0,0.652446366822552,0.0,0.4792644423980269,0.375,1.0,0.5,1.0
1.0,1.0,0.0,1.0,0.0,0.14169221996345213,0.2422027829234094,0.39895526556376293,0.75,1.0,0.0,1.0
0.0,1.0,0.0,1.0,0.0,0.2491134451394068,0.2272441353578375,0.45335825632245785,0.75,1.0,0.5,0.0
1.0,0.0,0.0,1.0,0.0,0.4656560231700694,0.0,0.6709702193572377,0.75,1.0,1.0,1.0
1.0,0.0,0.0,1.0,0.0,0.18638768183383062,0.0,0.1139872187325037,0.75,1.0,0.0,1.0
1.0,0.0,0.0,1.0,0.0,0.09560981182882765,0.952685497438553,0.3549147492352956,0.75,0.0,0.0,1.0
0.0,1.0,0.6666666666666666,1.0,0.0,0.13229677752823743,0.0,0.20984010721210908,0.75,1.0,0.0,1.0
0.0,1.0,0.0,0.0,0.0,0.19238286891153902,0.21366465387987146,0.502580009866039,0.75,1.0,0.5,1.0
0.0,1.0,0.3333333333333333,1.0,1.0,0.4703537443876767,0.4084453413294465,0.41449897720910434,0.375,0.0,1.0,0.0
0.0,0.0,0.0,1.0,0.0,0.09010676697391619,0.20464702946090968,0.19170577695921076,0.75,1.0,1.0,1.0
0.0,0.0,0.0,1.0,0.0,0.12160386923292164,0.0,0.18134330252898315,0.75,1.0,0.0,1.0
0.0,1.0,0.0,1.0,1.0,0.1547563589686078,0.0,0.06476546518892255,0.25,1.0,0.0,1.0
0.0,0.0,0.0,1.0,0.0,0.21900328914464734,0.0,0.26424309797080403,0.75,1.0,0.0,1.0
0.0,1.0,1.0,1.0,0.0,0.17896080828980376,0.8221951676112234,0.7512793961915016,0.75,1.0,0.0,0.0
1.0,1.0,0.0,1.0,0.0,0.20504434609804265,0.0,0.21761196303477978,0.75,1.0,0.5,0.0
0.0,1.0,0.6666666666666666,1.0,1.0,0.14835851007224732,0.37131394666313317,0.2279744374650074,0.75,1.0,1.0,1.0
0.0,0.0,0.0,1.0,0.0,0.6710582908846916,0.0,0.6269297030287703,0.75,0.0,0.0,0.0
0.0,1.0,0.6666666666666666,0.0,0.0,0.18790884870429395,0.15170826963665154,0.33418980037484036,0.75,1.0,0.5,0.0
0.0,1.0,0.6666666666666666,1.0,0.0,0.22558009884929764,0.22098484311408753,0.4792644423980269,0.75,1.0,0.5,0.0
0.0,0.0,0.0,1.0,0.0,0.24235767462646673,0.0,0.43522392606955956,0.75,1.0,1.0,1.0
0.0,0.0,0.0,1.0,1.0,0.310944404403534,0.0,0.45335825632245785,0.375,1.0,0.0,1.0
0.0,1.0,0.0,1.0,0.0,0.12070906519147263,0.21578644786080367,0.3160554701219421,0.75,1.0,0.0,1.0
0.0,1.0,0.6666666666666666,1.0,0.0,0.5260105557658057,0.0,0.4844456796131407,0.375,1.0,1.0,1.0
1.0,1.0,0.0,1.0,0.0,0.10424467082881068,0.4759183899230901,0.2590618607556902,0.75,1.0,0.0,1.0
1.0,1.0,0.6666666666666666,1.0,0.0,0.6651078440090556,0.0,0.18134330252898315,0.75,1.0,1.0,1.0
0.0,1.0,0.3333333333333333,1.0,0.0,0.06881043078742954,0.1511778211414185,0.07771855822670706,0.75,1.0,1.0,1.0
1.0,0.0,0.0,1.0,0.0,0.44740202072450935,0.17674543861165137,0.582889186700303,0.75,1.0,0.5,0.0
0.0,1.0,0.0,1.0,0.0,0.21743738207211155,0.08805445020868587,0.3238273259446128,0.75,1.0,0.0,1.0
0.0,0.0,0.0,1.0,0.0,0.2808342484087745,0.0,0.30569299569171443,0.75,0.0,0.5,0.0
0.0,1.0,0.0,1.0,1.0,0.11529550074070606,0.3978363714247855,0.3937740283486491,0.75,1.0,0.5,1.0
0.0,0.0,0.0,1.0,0.0,0.4100886921960853,0.0,0.6321109402438841,0.75,1.0,1.0,0.0
0.0,1.0,0.6666666666666666,0.0,0.0,0.10205240092726059,0.0,0.29273990265392996,0.75,1.0,0.5,0.0
0.0,0.0,0.0,1.0,0.0,0.14558461754375535,0.0,0.1295309303778451,0.75,1.0,1.0,1.0
0.0,1.0,1.0,1.0,0.0,1.0,0.0,1.0,0.375,0.0,0.0,1.0
0.0,1.0,0.3333333333333333,1.0,0.0,0.426732047367037,0.0,0.4844456796131407,0.75,1.0,1.0,1.0
0.0,1.0,0.0,1.0,0.0,0.20504434609804265,0.5967545571371783,0.66060774492701,0.75,1.0,0.0,1.0
0.0,1.0,0.0,0.0,0.0,0.0833509964609761,0.11043937670752046,0.2538806235405764,0.75,1.0,0.0,1.0
0.0,1.0,0.0,1.0,0.0,0.35492402304075327,0.0,0.7124201170781481,0.75,1.0,1.0,0.0
0.0,1.0,0.3333333333333333,1.0,0.0,0.13820248420180095,0.13579481477966013,0.31346485151438513,0.75,0.0,0.0,0.0
0.0,1.0,0.6666666666666666,1.0,0.0,0.18643242203590304,0.15351179452044392,0.4093177399939905,0.75,1.0,0.5,1.0
0.0,1.0,0.0,1.0,0.0,0.4171129039214601,0.0,0.19429639556676767,0.375,1.0,1.0,1.0
1.0,1.0,0.0,1.0,0.0,0.20504434609804265,0.0,0.290149284046373,0.75,1.0,0.5,0.0
0.0,1.0,0.0,1.0,0.0,0.10912135285470784,0.3535969669223494,0.33418980037484036,0.75,1.0,0.5,1.0
0.0,0.0,0.0,1.0,0.0,0.10008383203607275,0.0,0.16320897227608483,1.0,0.0,0.0,0.0
0.0,1.0,0.6666666666666666,1.0,0.0,0.3579216165796075,0.0,0.5181237215113804,0.75,1.0,0.0,1.0
0.0,1.0,1.0,0.0,0.0,0.1575749916991722,0.0,0.20984010721210908,0.375,1.0,0.5,0.0
0.0,1.0,0.0,1.0,0.0,0.25537707342954996,0.5967545571371783,0.4844456796131407,0.75,1.0,0.0,1.0
0.0,1.0,0.0,0.0,1.0,0.19435143780272687,0.07808201849830457,0.22538381885745049,0.75,1.0,0.0,0.0
0.0,1.0,0.0,1.0,0.0,0.15645648664736092,0.208360168927541,0.30051175847660067,0.75,1.0,0.5,1.0
0.0,1.0,0.6666666666666666,1.0,0.0,0.09149371323816216,0.17175922275646074,0.2616524793632471,0.75,1.0,0.5,1.0
0.0,1.0,1.0,1.0,0.0,0.24678695463163938,1.0,1.0,0.75,0.0,0.0,0.0
0.0,1.0,0.3333333333333333,1.0,0.0,0.16777575777169101,0.0,0.30051175847660067,0.75,1.0,0.0,1.0
0.0,0.0,0.0,0.0,0.0,0.10437889143502804,0.15393615331663035,0.26424309797080403,1.0,0.0,1.0,0.0
0.0,1.0,0.3333333333333333,1.0,0.0,0.286337293263686,0.7691503180879187,0.4663113493602424,0.75,0.0,1.0,0.0
0.0,1.0,0.0,1.0,0.0,0.2058049295332743,0.0,0.18911515835165385,0.375,1.0,0.0,1.0
0.0,1.0,0.3333333333333333,1.0,0.0,1.0,0.0,0.6735608379647946,0.75,1.0,0.0,0.0
1.0,1.0,0.0,1.0,0.0,0.16218323251263464,0.0,0.27978680961614544,0.75,1.0,0.0,1.0
0.0,1.0,0.0,1.0,1.0,1.0,0.503926070471395,0.31087423290682825,0.75,1.0,0.0,1.0
0.0,1.0,0.3333333333333333,1.0,1.0,0.09744416011379814,0.0,0.17098082809875553,0.625,0.0,0.5,0.0
0.0,1.0,0.0,1.0,0.0,0.41733660493182234,0.0,0.4870362982206976,0.375,1.0,0.5,1.0
0.0,0.0,0.0,0.0,0.0,0.21855588712392282,0.0,0.1243496931627313,0.75,1.0,0.5,1.0
0.0,0.0,0.0,1.0,0.0,0.5368824248694113,0.0,0.424861451639332,0.75,1.0,0.0,0.0
0.0,1.0,0.0,0.0,0.0,0.2699176391030965,0.0,0.41449897720910434,0.75,1.0,1.0,0.0
0.0,0.0,0.0,1.0,0.0,0.17260769959551572,0.0,0.19688701417432455,0.75,1.0,0.0,1.0
0.0,0.0,0.0,1.0,0.0,0.18750618688564188,0.0,0.31087423290682825,0.75,1.0,0.5,1.0
0.0,1.0,0.3333333333333333,1.0,0.0,0.13981313147640917,0.27402969263739224,0.4404051632846734,0.75,1.0,0.0,0.0
0.0,0.0,0.0,1.0,0.0,0.3728201038697337,0.3978363714247855,0.4844456796131407,0.75,1.0,0.5,1.0
0.0,0.0,0.0,1.0,1.0,0.4921422227969603,0.0,0.21502134442722287,0.75,1.0,1.0,0.0
0.0,1.0,0.3333333333333333,0.0,0.0,0.11632452538837244,0.2652242476165237,0.2331556746801212,0.75,1.0,0.0,1.0
0.0,0.0,0.6666666666666666,1.0,0.0,0.22025601480267595,0.0,0.43004268885444574,0.75,0.0,0.0,1.0
0.0,1.0,0.3333333333333333,0.0,0.0,0.1565907072535783,0.11489514406747806,0.34973351202018177,0.75,1.0,1.0,1.0
0.0,1.0,0.6666666666666666,0.0,0.0,0.17524737151779032,0.0,0.3212367073370559,0.75,1.0,0.0,1.0
1.0,0.0,0.0,0.0,0.0,0.19721481073536373,0.0,0.31087423290682825,0.75,1.0,0.0,1.0
1.0,0.0,0.0,1.0,0.0,0.14513721552303085,0.0,0.20724948860455217,0.75,1.0,1.0,1.0
0.0,0.0,0.0,0.0,0.0,0.17784230323799247,0.26851302828696855,0.14248402341562963,0.75,1.0,0.5,1.0
0.0,0.0,0.0,1.0,0.0,0.11091096093760587,0.0,0.15284649784585722,0.75,1.0,1.0,1.0
0.0,0.0,0.0,1.0,0.0,0.1529220106836373,0.0,0.3290085631597266,0.75,1.0,0.0,0.0
1.0,0.0,0.0,1.0,0.0,0.44740202072450935,0.0,0.5543923820171771,0.75,1.0,0.0,0.0
0.0,1.0,1.0,1.0,0.0,0.15345889310850672,0.13261212380826184,0.3315991817672835,0.75,0.0,0.0,0.0
0.0,1.0,0.3333333333333333,1.0,1.0,0.3483919535381754,0.0,0.6217484658136565,0.75,1.0,1.0,1.0
0.0,1.0,1.0,0.0,1.0,0.2551533724191877,0.0,0.3367804189823973,0.75,1.0,0.5,1.0
0.0,1.0,0.0,1.0,0.0,0.14196066117588682,0.3204969808198072,0.3549147492352956,0.75,1.0,1.0,1.0
0.0,1.0,1.0,0.0,0.0,0.17224977797893612,0.10428617416281712,0.2590618607556902,0.75,1.0,0.0,1.0
0.0,1.0,0.0,1.0,0.0,0.00671103031086764,0.19096145828389705,0.34973351202018177,0.75,1.0,0.5,0.0
0.0,1.0,0.0,1.0,0.0,0.16674673312402463,0.1883092158077318,0.3393710375899542,0.75,1.0,0.0,1.0
0.0,1.0,0.0,1.0,0.0,0.09936798880291353,0.0,0.15543711645341413,0.75,0.0,1.0,0.0
0.0,1.0,0.6666666666666666,1.0,0.0,0.1793634701084558,0.18215601326302847,0.30051175847660067,0.75,1.0,0.0,1.0
0.0,0.0,0.0,1.0,0.0,0.13292314035725172,0.296096350039087,0.37304907948819394,0.75,1.0,0.0,1.0
0.0,1.0,0.0,1.0,0.0,0.27962626295281834,0.0,0.3315991817672835,0.75,1.0,0.0,1.0
0.0,1.0,0.0,1.0,0.0,0.14540565673546554,0.0,0.4404051632846734,0.75,1.0,0.5,0.0
0.0,1.0,0.6666666666666666,1.0,0.0,0.27962626295281834,0.17982203988400305,0.5440299075869495,0.75,1.0,0.0,1.0
0.0,0.0,0.0,1.0,1.0,0.286337293263686,0.0,0.5181237215113804,0.75,1.0,0.5,1.0
0.0,1.0,0.3333333333333333,1.0,0.0,0.11144784336247529,0.21790824184173585,0.26942433518591785,0.75,1.0,0.0,1.0
1.0,0.0,0.0,1.0,0.0,0.3728201038697337,0.0,0.7253732101159326,0.75,1.0,0.0,1.0
0.0,1.0,0.3333333333333333,1.0,0.0,0.1411553375385827,0.18873357460391824,0.3626866050579663,0.75,1.0,0.0,1.0
0.0,1.0,0.3333333333333333,1.0,0.0,0.24607111139848015,0.13367302079872792,0.4404051632846734,0.75,1.0,0.5,1.0
1.0,0.0,0.3333333333333333,1.0,0.0,0.170549650300183,0.0,0.290149284046373,0.75,1.0,0.5,1.0
0.0,1.0,0.3333333333333333,1.0,0.0,0.14831376987017486,0.0,0.2486993863254626,0.75,1.0,0.0,1.0
0.0,1.0,0.6666666666666666,1.0,0.0,0.260343235859592,0.5304484952330474,0.31087423290682825,0.75,1.0,0.5,1.0
0.0,1.0,0.3333333333333333,0.0,0.0,0.11229790720185186,0.21037587320942658,0.3626866050579663,0.375,1.0,1.0,0.0
0.0,0.0,0.0,1.0,0.0,0.13265469914481703,0.6048173742647206,0.4015458841713198,0.125,1.0,1.0,1.0
0.0,1.0,0.6666666666666666,1.0,1.0,0.27962626295281834,0.1379166087605923,0.27978680961614544,0.75,1.0,0.5,1.0
0.0,1.0,0.0,0.0,0.0,0.1523851282587679,0.46859820068887403,0.31864608872949896,0.75,1.0,0.0,1.0
0.0,0.0,0.0,1.0,1.0,0.2706782225383282,0.45968666596895885,0.31087423290682825,0.375,1.0,1.0,0.0
0.0,1.0,0.6666666666666666,1.0,0.0,0.43411418070899144,0.0,0.290149284046373,0.75,1.0,1.0,1.0
0.0,1.0,0.3333333333333333,0.0,0.0,0.29564325529475577,0.0,0.3549147492352956,0.375,1.0,1.0,1.0
0.0,1.0,0.3333333333333333,1.0,0.0,0.1289412623728036,0.19552331534290127,0.31864608872949896,1.0,1.0,0.0,1.0
0.0,1.0,0.0,1.0,0.0,0.08093502554906375,0.19817555781906648,0.2331556746801212,0.75,1.0,1.0,1.0
0.0,1.0,0.0,0.0,0.0,0.07462665705684816,0.41268892929131085,0.5207143401189374,0.75,0.0,0.0,0.0
1.0,0.0,0.6666666666666666,1.0,0.0,0.15332467250228937,0.0,0.3575053678428525,0.75,1.0,1.0,0.0
0.0,0.0,0.0,0.0,1.0,0.11556394195314078,0.2298963778340027,0.26942433518591785,0.75,1.0,0.5,1.0
0.0,1.0,0.3333333333333333,0.0,0.0,0.11905367771479194,0.7533429529299739,0.7227825915083756,0.375,1.0,0.0,1.0
0.0,0.0,0.0,1.0,1.0,0.7270282836773277,0.0,0.4973987726509252,0.75,0.0,1.0,0.0
1.0,0.0,1.0,1.0,0.0,0.13793404298936623,0.0,0.66060774492701,0.75,1.0,0.5,1.0
0.0,0.0,0.0,0.0,0.0,0.2704545215279659,0.0,0.2979211398690437,0.75,0.0,0.5,0.0
0.0,1.0,1.0,1.0,0.0,0.23488606088036743,0.0,0.2435181491103488,0.75,1.0,1.0,0.0
0.0,1.0,0.0,1.0,0.0,0.6569203870297972,0.22278836799787988,0.7875480566972982,0.75,1.0,0.5,0.0
0.0,0.0,0.0,1.0,0.0,0.09216481626924893,0.23435214519396033,0.3471428934126249,0.75,1.0,0.0,1.0
1.0,0.0,0.3333333333333333,1.0,0.0,0.1557406434142017,0.0,0.4015458841713198,0.075,1.0,0.0,0.0
1.0,0.0,0.0,1.0,0.0,0.32212945492164674,0.0,0.31087423290682825,0.75,1.0,0.5,1.0
0.0,0.0,0.0,1.0,1.0,0.23112788390628156,0.0,0.3315991817672835,0.75,1.0,0.0,1.0
0.0,0.0,0.0,1.0,0.0,0.18321112748668658,0.36569119261366284,0.3911834097410922,0.75,1.0,0.5,1.0
0.0,1.0,0.6666666666666666,1.0,0.0,0.21063687135709902,0.14714641257764732,0.38859279113353534,0.75,1.0,0.0,1.0
0.0,1.0,1.0,1.0,0.0,0.19385929557992992,0.19212844497340975,0.41449897720910434,0.75,0.0,1.0,1.0
1.0,0.0,0.3333333333333333,1.0,0.0,0.1286728211603689,0.16549993051271078,0.2331556746801212,0.75,1.0,1.0,1.0
1.0,0.0,0.0,1.0,0.0,0.14482403410852368,0.0,0.07771855822670706,0.75,1.0,1.0,1.0
0.0,1.0,0.0,1.0,0.0,0.49867429229953814,0.0,0.3523241306277387,0.75,1.0,1.0,1.0
0.0,0.0,0.0,1.0,0.0,0.1267489924712535,0.19700857112955378,0.32641794455216966,0.75,1.0,0.5,1.0
0.0,1.0,0.0,1.0,0.0,0.11721932942982145,0.23583740098061284,0.38859279113353534,0.75,1.0,0.0,1.0
0.0,1.0,0.6666666666666666,1.0,0.0,0.17448678808255866,0.0,0.2331556746801212,0.75,1.0,0.0,1.0
0.0,1.0,0.3333333333333333,1.0,0.0,0.12303555569924007,0.19541722564385464,0.2979211398690437,0.75,1.0,0.0,1.0
0.0,1.0,0.0,1.0,0.0,0.1786476268752966,0.3473376746785994,0.5362580517642788,0.75,1.0,0.0,1.0
0.0,1.0,0.0,1.0,0.0,0.13882884703081527,0.1379166087605923,0.20724948860455217,0.75,1.0,1.0,1.0
0.0,1.0,0.0,1.0,0.0,0.652446366822552,0.0,1.0,0.75,1.0,0.0,1.0
0.0,0.0,0.3333333333333333,0.0,1.0,0.18133203899964365,0.2573736098870746,0.4093177399939905,0.75,0.0,1.0,0.0
0.0,1.0,0.0,1.0,0.0,0.17569477353851484,0.08487175923728757,0.290149284046373,0.75,1.0,0.0,1.0
0.0,1.0,0.6666666666666666,1.0,0.0,0.10294720496870961,0.1045832240258533,0.20206825138943837,0.375,1.0,1.0,1.0
1.0,0.0,0.0,1.0,0.0,0.08102450595320865,0.17674543861165137,0.13989340480807272,0.75,1.0,1.0,1.0
0.0,0.0,0.0,1.0,0.0,0.14128955814480007,0.3238918511892987,0.2305650560725643,0.75,1.0,0.5,1.0
1.0,0.0,0.0,1.0,1.0,0.11632452538837244,0.18215601326302847,0.2564712421481333,0.625,1.0,0.0,0.0
0.0,1.0,0.0,1.0,0.0,0.16571770847635828,0.21217939809321895,0.31087423290682825,0.75,1.0,0.5,1.0
1.0,0.0,0.0,1.0,0.0,0.18450859334678768,0.0,0.2979211398690437,0.75,1.0,0.0,1.0
0.0,0.0,0.0,1.0,0.0,0.4253898413048635,0.0,0.4844456796131407,0.75,1.0,0.5,1.0
0.0,1.0,0.0,1.0,0.0,0.13757612137278663,0.2563127128966085,0.3600959864504094,0.75,1.0,0.5,1.0
0.0,1.0,0.6666666666666666,1.0,0.0,0.19685688911878413,0.0,0.3290085631597266,0.75,0.0,0.0,0.0
0.0,1.0,0.6666666666666666,1.0,0.0,0.1410658571344378,0.16549993051271078,0.3471428934126249,0.75,1.0,1.0,1.0
0.0,1.0,0.0,1.0,0.0,0.10661590153865058,0.35370305662139595,0.44558640049978715,0.75,1.0,0.0,1.0
0.0,1.0,0.3333333333333333,1.0,0.0,0.3075888892481002,0.0,0.5181237215113804,0.75,1.0,0.0,1.0
1.0,1.0,0.3333333333333333,1.0,0.0,0.20875778287005609,0.0,0.34973351202018177,0.75,1.0,1.0,1.0
1.0,0.0,0.0,1.0,0.0,0.22370101036225468,0.2695739252774347,0.3911834097410922,1.0,1.0,0.5,0.0
0.0,1.0,0.3333333333333333,1.0,0.0,0.09010676697391619,0.3103123697113327,0.29273990265392996,0.75,1.0,1.0,0.0
0.0,1.0,0.0,0.0,0.0,0.08053236373041169,0.3112671770027522,0.2409275305027919,0.75,0.0,1.0,0.0
1.0,0.0,0.0,1.0,0.0,0.22370101036225468,0.0,0.34196165619751107,0.75,1.0,0.5,1.0
0.0,1.0,0.3333333333333333,1.0,0.0,0.07270282836773277,0.19127972738103688,0.2486993863254626,0.75,1.0,1.0,1.0
0.0,0.0,0.0,1.0,0.0,0.17896080828980376,0.2652242476165237,0.3626866050579663,0.75,1.0,0.5,1.0
1.0,0.0,0.0,1.0,0.0,0.16831264019656042,0.17674543861165137,0.34973351202018177,0.75,1.0,0.5,1.0
1.0,0.0,0.0,1.0,0.0,0.10737648497388225,0.19764510932383345,0.26942433518591785,0.75,0.0,1.0,0.0
0.0,0.0,0.0,1.0,0.0,0.9052285085318998,0.0,1.0,0.75,1.0,0.5,0.0
1.0,0.0,0.0,1.0,0.0,0.13050716944533938,0.0,0.21761196303477978,0.75,1.0,0.0,1.0
0.0,0.0,0.0,0.0,0.0,0.1309545714660639,0.2551457262070958,0.28755866543881614,0.75,1.0,0.0,1.0
1.0,0.0,0.0,1.0,0.0,0.1121636865956345,0.0,0.1450746420231865,0.75,1.0,0.5,1.0
0.0,1.0,0.3333333333333333,0.0,0.0,0.15207194684426073,0.17398710643643953,0.28755866543881614,0.375,1.0,1.0,1.0
0.0,1.0,0.6666666666666666,1.0,0.0,0.16629933110330014,0.0,0.31087423290682825,0.75,1.0,0.0,1.0
0.0,1.0,0.3333333333333333,1.0,1.0,0.44740202072450935,0.0,0.4015458841713198,0.75,1.0,0.5,0.0
0.0,1.0,0.0,1.0,0.0,0.10737648497388225,0.2298963778340027,0.2979211398690437,0.75,1.0,0.0,1.0
0.0,1.0,1.0,1.0,0.0,0.19426195739858196,0.02005095311980919,0.3212367073370559,0.75,1.0,0.0,1.0
0.0,1.0,1.0,1.0,0.0,0.6711030310867641,0.0,0.7771855822670707,0.75,1.0,0.5,1.0
0.0,1.0,0.3333333333333333,1.0,1.0,0.38771859115985985,0.528644970349255,0.9740725964413952,0.75,0.0,0.5,0.0
0.0,0.0,0.0,1.0,0.0,0.21998757359024126,0.0,0.3367804189823973,0.75,0.0,0.5,1.0
0.0,1.0,0.0,1.0,1.0,0.26029849565751956,0.22915374994067644,0.47667382379047,0.75,1.0,0.0,1.0
1.0,1.0,0.0,1.0,0.0,0.19385929557992992,0.26002585236323983,0.28496804683125926,0.75,1.0,1.0,0.0
1.0,0.0,0.0,1.0,0.0,0.11185050518112734,0.0,0.17357144670631244,0.75,1.0,1.0,1.0
0.0,0.0,0.3333333333333333,1.0,0.0,0.19614104588562492,0.19021883039057078,0.30310237708415755,0.75,1.0,1.0,1.0
0.0,0.0,0.0,1.0,0.0,0.1313124930826435,0.0,0.2538806235405764,0.75,1.0,0.0,1.0
0.0,1.0,0.6666666666666666,1.0,1.0,0.11185050518112734,0.48801261561440357,0.4559488749300148,0.75,1.0,0.5,1.0
1.0,0.0,0.0,1.0,0.0,0.1861192406213959,0.0,0.18393392113654006,0.75,1.0,0.0,1.0
0.0,1.0,1.0,0.0,0.0,0.11842731488577764,0.16836435238696923,0.4481770191073441,0.75,1.0,0.5,0.0
1.0,0.0,0.0,1.0,0.0,0.10639220052828834,0.0,0.1191684559476175,0.75,1.0,0.5,0.0
0.0,1.0,0.3333333333333333,0.0,0.0,0.20374688023794157,0.13038424012828304,0.4093177399939905,0.75,1.0,1.0,1.0
0.0,1.0,1.0,0.0,0.0,0.14196066117588682,0.0,0.19170577695921076,0.75,1.0,0.0,1.0
0.0,1.0,0.0,1.0,0.0,0.1118057649790549,0.26076848025656607,0.41449897720910434,0.75,1.0,0.0,1.0
0.0,1.0,0.6666666666666666,0.0,0.0,0.13793404298936623,0.23000246753304934,0.32641794455216966,0.75,1.0,1.0,1.0
0.0,1.0,0.0,1.0,0.0,0.11744303044018371,0.6630606190413092,0.4844456796131407,0.75,1.0,0.5,1.0
0.0,1.0,0.0,1.0,0.0,0.4063752554240719,0.0,0.5906610425229737,0.75,1.0,0.0,1.0
0.0,0.0,0.0,1.0,0.0,0.3914767681339457,0.44207577592722164,0.7979105311275259,0.75,1.0,0.5,0.0
0.0,1.0,1.0,1.0,0.0,0.1192773787251542,0.22098484311408753,0.2461087677179057,0.75,1.0,0.5,1.0
1.0,1.0,0.0,1.0,1.0,0.24607111139848015,0.0,0.27201495379347473,0.75,0.0,0.5,0.0
1.0,1.0,0.0,1.0,0.0,0.10840550962154862,0.05357529801853778,0.3367804189823973,0.75,1.0,0.0,1.0
0.0,1.0,0.6666666666666666,1.0,0.0,0.3728201038697337,0.3359860768806122,0.42745207024688886,0.75,1.0,0.5,1.0
0.0,1.0,0.3333333333333333,1.0,0.0,0.1733682830307474,0.0,0.17357144670631244,0.75,1.0,1.0,0.0
0.0,1.0,0.0,0.0,0.0,0.13422060621735282,0.17674543861165137,0.2590618607556902,1.0,0.0,1.0,0.0
0.0,1.0,1.0,1.0,0.0,0.23117262410835399,0.3359860768806122,0.5181237215113804,0.75,1.0,0.0,1.0
1.0,0.0,0.3333333333333333,1.0,0.0,0.21130797438818577,0.0,0.20984010721210908,0.75,1.0,0.0,0.0
0.0,1.0,0.6666666666666666,1.0,0.0,0.22370101036225468,0.38903092640391695,0.6113859913834289,0.75,1.0,0.0,1.0
0.0,1.0,0.0,1.0,0.0,0.21251595984414196,0.2475072678757399,0.3367804189823973,0.75,1.0,1.0,1.0
0.0,0.0,0.0,1.0,1.0,0.3052176585382603,0.0,0.36527722366552323,0.75,1.0,0.5,1.0
0.0,0.0,0.0,0.0,0.0,0.278105096082355,0.0,0.344552274805068,0.75,1.0,0.5,0.0
0.0,0.0,0.0,1.0,0.0,0.11185050518112734,0.0,0.2486993863254626,1.0,1.0,0.0,0.0
0.0,1.0,0.3333333333333333,1.0,0.0,0.2829817781082522,0.0,0.45335825632245785,0.75,1.0,0.0,1.0
0.0,1.0,0.0,1.0,0.0,0.882724186889457,0.5586683551794455,1.0,0.75,1.0,0.5,0.0
1.0,0.0,0.0,1.0,1.0,0.7050608444597544,0.0,0.14248402341562963,0.75,1.0,0.0,1.0
0.0,1.0,0.6666666666666666,1.0,0.0,0.2319779477456581,0.0,0.4015458841713198,0.75,1.0,0.0,1.0
0.0,1.0,0.6666666666666666,1.0,1.0,0.4171129039214601,0.8352442005939563,0.9844350708716229,0.625,1.0,0.5,1.0
0.0,0.0,0.3333333333333333,1.0,0.0,0.13699449874584477,0.21080023200561301,0.28755866543881614,0.375,0.0,1.0,0.0
0.0,1.0,0.0,1.0,0.0,0.21551355338299616,0.09792079222002054,0.31087423290682825,0.375,1.0,1.0,1.0
0.0,1.0,1.0,1.0,0.0,0.3914767681339457,0.5300241364368609,0.3367804189823973,0.75,1.0,0.5,1.0
0.0,0.0,0.0,1.0,0.0,0.1373076801603519,0.0,0.18393392113654006,1.0,1.0,1.0,0.0
0.0,1.0,0.6666666666666666,1.0,0.0,0.241194429372583,0.0,0.3367804189823973,0.75,1.0,1.0,1.0
0.0,0.0,0.0,1.0,0.0,0.26580154051243104,0.4489716063652513,0.766823107836843,0.75,1.0,0.0,1.0
1.0,0.0,0.0,1.0,0.0,0.26844121243470564,0.0,0.40413650277887675,0.75,1.0,1.0,1.0
0.0,0.0,0.0,1.0,1.0,0.32065302825325587,0.0,0.3315991817672835,0.75,1.0,1.0,1.0
0.0,1.0,0.6666666666666666,1.0,0.0,0.20428376266281098,0.0,0.2590618607556902,0.75,1.0,1.0,0.0
0.0,0.0,0.0,0.0,0.0,0.1049605140619699,0.16974351847457514,0.34196165619751107,0.75,1.0,0.0,1.0
0.0,1.0,0.0,1.0,0.0,0.10437889143502804,0.2564188025956551,0.3523241306277387,0.75,1.0,1.0,1.0
0.0,1.0,0.0,1.0,0.0,0.24553422897361074,0.0,0.3238273259446128,0.75,1.0,0.5,1.0
0.0,0.0,1.0,1.0,0.0,0.41013343239815775,0.0,0.4792644423980269,0.75,1.0,0.5,1.0
0.0,1.0,1.0,1.0,0.0,0.4252108804965737,0.0,0.7124201170781481,0.75,1.0,0.5,1.0
0.0,1.0,0.6666666666666666,0.0,0.0,0.08916722273039472,0.17239576095074038,0.29273990265392996,0.375,1.0,0.0,1.0
0.0,1.0,0.6666666666666666,1.0,0.0,0.1386946264245979,0.14852557866525326,0.29273990265392996,0.75,1.0,1.0,1.0
1.0,0.0,0.0,1.0,0.0,0.142273842590394,0.0,0.18393392113654006,0.75,0.0,1.0,0.0
0.0,1.0,0.0,1.0,0.0,0.1356970328857437,0.15478487090900322,0.2461087677179057,0.75,1.0,1.0,1.0
0.0,0.0,0.0,0.0,0.0,0.17457626848670355,0.17674543861165137,0.2823774282237023,0.75,1.0,0.5,1.0
1.0,0.0,0.0,1.0,0.0,0.06711030310867641,0.19096145828389705,0.2668337165783609,0.75,0.0,0.0,0.0
0.0,1.0,0.6666666666666666,0.0,0.0,0.12925444378731077,0.0,0.1165778373400606,0.375,0.0,1.0,0.0
0.0,0.0,0.0,0.0,0.0,0.12325925670960233,0.0,0.16839020949119865,0.625,1.0,0.5,0.0
0.0,0.0,0.0,1.0,0.0,0.11185050518112734,1.0,0.2668337165783609,0.75,1.0,0.0,1.0
1.0,0.0,0.0,0.0,0.0,0.08782501666822119,0.0,0.1373027862005158,0.75,1.0,0.0,1.0
1.0,0.0,0.0,1.0,1.0,0.33291184362110743,0.0,0.502580009866039,0.75,1.0,0.5,0.0
1.0,0.0,0.0,1.0,0.0,0.2034336988234344,0.0,0.2979211398690437,0.75,1.0,0.0,1.0
0.0,1.0,0.0,0.0,0.0,0.09695201789100118,0.2546152777118627,0.2979211398690437,0.75,1.0,1.0,1.0
1.0,0.0,0.0,0.0,0.0,0.09901006718633393,0.0,0.17098082809875553,0.75,1.0,0.5,1.0
0.0,1.0,0.3333333333333333,1.0,0.0,0.37134367720134276,0.0,0.3937740283486491,0.625,0.0,0.0,0.0
0.0,1.0,1.0,1.0,0.0,1.0,0.0,0.9326226987204848,0.75,0.0,0.5,0.0
1.0,0.0,0.3333333333333333,0.0,1.0,0.17301036141416778,0.0,0.16061835366852795,0.75,1.0,0.0,0.0
0.0,1.0,0.0,0.0,0.0,0.2727362718336609,0.0,0.5647548564474046,0.75,0.0,0.5,0.0
0.0,1.0,0.0,0.0,0.0,0.10079967526923196,0.21568035816175704,0.28496804683125926,0.75,1.0,0.5,1.0
1.0,1.0,0.0,0.0,0.0,0.09614669425369707,0.34341235581387486,0.4611301121451286,0.75,0.0,0.0,0.0
1.0,0.0,0.0,1.0,0.0,0.13399690520699056,0.0,0.15543711645341413,0.75,1.0,1.0,1.0
1.0,0.0,0.3333333333333333,1.0,0.0,0.11632452538837244,0.0,0.41449897720910434,0.75,1.0,1.0,0.0
0.0,1.0,0.6666666666666666,1.0,1.0,0.0715843233159215,1.0,0.6191578472060996,0.75,1.0,1.0,0.0
0.0,1.0,0.0,1.0,0.0,0.04585870712426221,0.29418673545624807,0.290149284046373,0.75,1.0,0.5,1.0
0.0,1.0,0.0,1.0,0.0,0.14522669592717574,0.1503291035490456,0.3575053678428525,0.75,1.0,0.0,1.0
0.0,1.0,0.0,1.0,0.0,0.26079063788031653,0.0,0.3575053678428525,0.75,1.0,0.5,1.0
0.0,1.0,0.0,1.0,0.0,0.08142716777186071,0.18236819266112167,0.2590618607556902,0.75,1.0,1.0,1.0
0.0,1.0,0.0,1.0,0.0,0.6657342068380699,0.0,0.2486993863254626,0.75,1.0,0.0,1.0
0.0,1.0,0.0,1.0,0.0,0.1192773787251542,0.45618570590042073,0.31346485151438513,0.75,1.0,0.5,1.0
1.0,0.0,0.3333333333333333,0.0,0.0,0.20607337074570903,0.0,0.20984010721210908,0.75,1.0,0.5,0.0
0.0,1.0,0.6666666666666666,1.0,0.0,0.2655330992999963,0.0,0.344552274805068,0.75,1.0,0.0,1.0
0.0,1.0,0.0,1.0,0.0,0.13064139005155673,0.0017101660377466918,0.22538381885745049,0.75,1.0,0.5,1.0
0.0,0.0,0.0,0.0,0.0,0.1215591290308492,0.0,0.15543711645341413,0.375,1.0,1.0,1.0
1.0,0.0,0.3333333333333333,1.0,1.0,0.38583950267281686,0.0,0.38859279113353534,0.75,1.0,0.0,1.0
0.0,0.0,0.0,1.0,0.0,0.2908113134709311,0.0,0.27201495379347473,0.75,0.0,0.5,0.0
0.0,1.0,0.0,1.0,0.0,0.10849499002569353,0.24824989576906617,0.370458460880637,0.75,1.0,0.0,1.0
0.0,0.0,0.0,1.0,0.0,0.16777575777169101,0.0,0.2590618607556902,0.75,1.0,1.0,1.0
0.0,0.0,0.0,1.0,0.0,0.0861696291915405,0.19637203293527414,0.1295309303778451,0.75,1.0,0.0,1.0
0.0,0.0,0.0,1.0,1.0,0.466013944786649,0.0,0.4844456796131407,0.75,0.0,1.0,0.0
1.0,1.0,0.0,0.0,1.0,0.3195345232014446,0.0,0.3575053678428525,0.75,1.0,0.5,1.0
0.0,0.0,0.0,1.0,0.0,0.16374913958517043,0.5372382359720304,0.4844456796131407,0.75,1.0,0.0,1.0
0.0,1.0,0.0,1.0,0.0,0.35349233657443485,0.19446241835243516,0.4663113493602424,0.75,1.0,0.5,1.0
0.0,0.0,1.0,0.0,0.0,0.21059213115502656,0.21143677019989268,0.3834115539184215,0.75,1.0,0.0,1.0
0.0,0.0,0.3333333333333333,1.0,0.0,1.0,0.0,0.3937740283486491,0.75,1.0,0.0,1.0
0.0,1.0,0.3333333333333333,1.0,1.0,0.15506954038311496,0.12836853584639746,0.3367804189823973,0.75,1.0,0.5,1.0
0.0,1.0,0.6666666666666666,0.0,0.0,0.20813142004104176,0.0,0.28496804683125926,0.75,1.0,0.5,1.0
0.0,1.0,0.6666666666666666,1.0,0.0,0.14943227492198613,0.1814133853697022,0.38859279113353534,0.75,0.0,0.5,0.0
0.0,1.0,0.6666666666666666,0.0,0.0,0.10330512658528922,0.13314257230349488,0.3238273259446128,0.75,0.0,0.5,0.0
0.0,1.0,0.0,1.0,0.0,0.1766343177820363,0.1838534484477742,0.3860021725259784,0.75,0.0,0.5,0.0
0.0,1.0,0.0,1.0,0.0,0.11108992174589567,0.26161719784893894,0.2331556746801212,0.375,0.0,0.5,1.0
0.0,0.0,0.0,1.0,1.0,0.3169843316833149,0.0,0.21761196303477978,0.75,1.0,0.0,1.0
0.0,1.0,0.6666666666666666,1.0,0.0,0.17265243979758818,0.0,0.2486993863254626,0.75,1.0,0.0,1.0
0.0,1.0,0.0,1.0,0.0,0.19242760911361148,0.0,0.30569299569171443,0.75,1.0,1.0,1.0
0.0,1.0,0.0,1.0,0.0,0.16589666928464808,0.2725444368507397,0.4481770191073441,0.75,1.0,1.0,0.0
0.0,0.0,0.6666666666666666,1.0,0.0,0.1947988398234514,0.0,0.3523241306277387,0.75,1.0,0.5,1.0
0.0,1.0,0.0,1.0,0.0,0.3728648440718061,0.0,0.41449897720910434,0.75,1.0,0.0,0.0
0.0,1.0,1.0,1.0,0.0,0.34628916404077026,0.0,0.3315991817672835,0.375,1.0,1.0,1.0
0.0,1.0,0.0,1.0,0.0,0.13489170924843957,0.23212426151398152,0.39636464695620605,0.75,1.0,0.5,1.0
0.0,0.0,0.0,1.0,0.0,0.18638768183383062,0.0,0.2538806235405764,0.75,0.0,0.0,0.0
0.0,0.0,0.0,1.0,0.0,0.26844121243470564,0.0,0.3626866050579663,0.75,1.0,0.5,1.0
0.0,1.0,1.0,0.0,0.0,0.1318493755075129,0.17653325921355817,0.18134330252898315,0.375,0.0,1.0,0.0
0.0,1.0,0.0,1.0,0.0,0.19385929557992992,0.26002585236323983,0.28496804683125926,0.75,1.0,1.0,0.0
0.0,1.0,0.3333333333333333,1.0,1.0,0.15435369714995573,0.2205604843179011,0.41968021442421816,0.75,1.0,0.0,1.0
0.0,1.0,0.3333333333333333,0.0,0.0,0.11869575609821234,0.1591345485699142,0.29273990265392996,0.375,0.0,0.5,0.0
0.0,1.0,1.0,1.0,0.0,0.20987628792186735,0.0,0.2590618607556902,0.75,1.0,0.0,1.0
0.0,0.0,0.6666666666666666,1.0,0.0,0.2475027978647986,0.4931049211686408,0.41968021442421816,0.75,1.0,0.5,1.0
0.0,1.0,0.6666666666666666,1.0,1.0,0.7393318392472518,0.107574954833262,0.38859279113353534,0.75,1.0,0.5,1.0
0.0,1.0,0.6666666666666666,1.0,0.0,0.2997593538854213,0.18565697333156658,0.5958422797380875,0.625,1.0,0.0,1.0
0.0,1.0,0.3333333333333333,1.0,1.0,0.7456849479415397,0.23870182285487132,0.22279320024989357,0.75,1.0,0.0,1.0
1.0,0.0,0.0,0.0,0.0,0.1946198790151616,0.0,0.39895526556376293,0.75,1.0,0.5,1.0
0.0,1.0,1.0,0.0,0.0,0.13847092541423564,0.0,0.29273990265392996,0.75,1.0,0.5,1.0
0.0,1.0,0.0,1.0,0.0,0.09319384091691531,0.33418255199681984,0.3315991817672835,0.75,1.0,0.0,1.0
0.0,1.0,0.0,1.0,0.0,0.484670609050861,0.0,0.6062047541683151,0.75,1.0,0.0,1.0
0.0,1.0,0.6666666666666666,1.0,0.0,0.3728201038697337,0.0,0.6372921774589979,0.75,1.0,0.0,1.0
0.0,1.0,0.3333333333333333,0.0,0.0,0.08760131565785893,0.25843450687754066,0.3393710375899542,0.75,1.0,0.5,1.0
0.0,0.0,0.6666666666666666,1.0,0.0,0.1586934967509835,0.0,0.20724948860455217,0.75,0.0,0.5,0.0
0.0,1.0,0.3333333333333333,1.0,0.0,0.820222124594243,0.0,1.0,0.75,1.0,1.0,0.0
0.0,1.0,0.6666666666666666,1.0,1.0,0.20504434609804265,0.22098484311408753,0.41449897720910434,0.75,1.0,0.0,1.0
0.0,0.0,0.0,1.0,0.0,0.10894239204641804,0.0,0.19429639556676767,0.75,1.0,1.0,0.0
0.0,0.0,0.0,0.0,0.0,0.16513608584941641,0.0,0.28496804683125926,0.75,1.0,0.5,1.0
1.0,0.0,0.0,0.0,1.0,0.7723501083767206,0.0,0.582889186700303,0.75,1.0,0.0,1.0
0.0,1.0,0.0,1.0,0.0,0.16093050685460603,0.22883548084353664,0.30828361429927137,0.75,0.0,0.5,0.0
1.0,1.0,0.3333333333333333,1.0,0.0,0.1488059120929718,0.09685989522955445,0.27201495379347473,0.175,1.0,0.0,1.0
0.0,1.0,0.0,0.0,0.0,0.11632452538837244,0.1803524883792361,0.27719619100858855,0.75,1.0,0.5,1.0
0.0,1.0,0.3333333333333333,1.0,1.0,0.12952288499974546,0.0,0.2461087677179057,0.75,1.0,0.0,1.0
0.0,0.0,0.0,1.0,0.0,0.28110268962120927,0.4684921109898274,0.5414392889793925,0.75,0.0,0.5,0.0
1.0,0.0,0.0,1.0,0.0,0.028857430336730855,0.3907283615886627,0.29273990265392996,1.0,1.0,0.5,1.0
1.0,0.0,0.0,1.0,0.0,0.1413342983468725,0.0,0.2590618607556902,0.75,1.0,0.0,1.0
0.0,1.0,0.6666666666666666,1.0,0.0,0.2176610830824738,0.5966484674381317,0.5388486703718357,0.75,1.0,0.0,1.0
0.0,1.0,0.0,0.0,0.0,0.17063913070432787,0.15733102368612184,0.3212367073370559,0.625,1.0,0.0,1.0
0.0,1.0,0.6666666666666666,1.0,0.0,0.15703810927430278,0.4684921109898274,0.6295203216363272,0.75,1.0,0.5,1.0
0.0,1.0,0.0,1.0,1.0,0.11091096093760587,0.31964826322743434,0.4870362982206976,0.75,1.0,1.0,1.0
1.0,0.0,0.3333333333333333,1.0,0.0,0.5933445598848444,0.0,0.10362474430227608,0.75,1.0,1.0,1.0
0.0,0.0,0.0,0.0,0.0,0.16097524705667848,0.1365374426729864,0.2590618607556902,0.75,1.0,0.5,0.0
0.0,1.0,0.3333333333333333,1.0,0.0,0.27134932556941493,0.2126037568894054,0.6476546518892256,0.75,1.0,0.0,1.0
0.0,1.0,0.6666666666666666,1.0,0.0,0.14688208340385642,0.21589253755985027,0.3834115539184215,0.75,1.0,1.0,1.0
0.0,1.0,0.0,1.0,0.0,0.0952966304143205,0.7071939338446988,0.18134330252898315,0.375,1.0,0.0,0.0
0.0,0.0,0.0,1.0,0.0,0.2601642750513022,0.3889248367048703,0.8056823869501966,0.75,1.0,0.5,0.0
0.0,1.0,1.0,1.0,0.0,0.15506954038311496,0.36367548833177726,0.38859279113353534,0.75,1.0,0.5,1.0
1.0,1.0,0.6666666666666666,1.0,0.0,0.09086735040914785,0.17313838884406665,0.29273990265392996,1.0,1.0,0.0,1.0
0.0,0.0,0.0,1.0,0.0,0.20951836630528775,0.20316177367425714,0.4792644423980269,0.75,1.0,0.0,0.0
1.0,0.0,0.0,0.0,0.0,0.1521166870463332,0.0,0.2461087677179057,0.75,1.0,0.5,0.0
0.0,1.0,0.6666666666666666,0.0,0.0,0.09807052294281246,0.1848082557391937,0.1165778373400606,0.75,1.0,0.0,1.0
0.0,0.0,0.0,1.0,0.0,0.11185050518112734,0.0,0.14248402341562963,0.75,1.0,0.0,1.0
0.0,1.0,1.0,1.0,1.0,0.25399012716530395,0.15107173144237188,0.2590618607556902,0.75,1.0,0.5,1.0
0.0,1.0,0.6666666666666666,1.0,1.0,0.3555951260718401,0.7602387833680034,1.0,0.75,1.0,0.5,1.0
0.0,1.0,0.6666666666666666,1.0,1.0,0.7829535362678914,0.0,1.0,0.75,1.0,0.5,1.0
0.0,1.0,0.0,1.0,0.0,0.16889426282350228,0.0,0.28496804683125926,0.75,1.0,0.0,1.0
0.0,1.0,0.3333333333333333,0.0,0.0,0.2364519679529032,0.15170826963665154,0.4170895958166613,0.75,0.0,0.0,1.0
0.0,0.0,0.3333333333333333,0.0,0.0,0.11985900135209607,0.13812878815868554,0.2435181491103488,0.75,1.0,0.0,1.0
0.0,0.0,0.0,0.0,0.0,0.3034727906574347,0.0,0.3367804189823973,0.75,1.0,0.0,1.0
0.0,1.0,1.0,1.0,0.0,0.19153280507216247,0.0,0.2590618607556902,0.75,1.0,1.0,1.0
0.0,0.0,0.6666666666666666,1.0,0.0,0.16052784503595396,0.0,0.28496804683125926,0.75,0.0,0.5,0.0
1.0,0.0,0.0,0.0,1.0,0.8127057706460713,0.0,0.3238273259446128,0.75,1.0,1.0,1.0
0.0,1.0,0.0,1.0,0.0,0.2743916593103416,0.4143863644760566,0.8393604288484363,0.75,1.0,1.0,1.0
0.0,0.0,0.6666666666666666,1.0,0.0,0.16182531089605504,0.0,0.27719619100858855,0.75,1.0,0.0,1.0
0.0,1.0,0.0,0.0,0.0,0.13050716944533938,0.056864078688982675,0.17098082809875553,0.75,1.0,0.5,0.0
0.0,1.0,1.0,1.0,0.0,0.2870978766989177,0.0,0.40672712138643363,0.375,1.0,0.5,1.0
1.0,1.0,0.3333333333333333,1.0,0.0,0.20616285114985392,0.3018251937876039,0.3626866050579663,0.375,1.0,0.0,1.0
1.0,0.0,0.0,1.0,0.0,0.0956545520309001,0.0,0.2564712421481333,0.75,0.0,0.0,0.0
0.0,1.0,0.3333333333333333,0.0,0.0,0.10017331244021765,0.2677704003936423,0.3315991817672835,0.75,1.0,1.0,1.0
0.0,1.0,0.0,1.0,0.0,0.1238408793365442,0.20687491314088846,0.4015458841713198,0.75,1.0,0.5,1.0
0.0,0.0,0.0,0.0,0.0,0.15023759855929025,0.0,0.20724948860455217,0.075,1.0,0.0,0.0
0.0,0.0,0.0,1.0,0.0,0.11301375043501106,0.1891579334001047,0.3756396980957508,0.75,1.0,0.5,1.0
1.0,0.0,0.0,1.0,0.0,0.22370101036225468,0.0,0.2668337165783609,0.75,0.0,0.0,0.0
0.0,1.0,0.0,1.0,0.0,0.12460146277177586,0.2138768332779647,0.28496804683125926,0.75,1.0,0.5,1.0
0.0,1.0,0.3333333333333333,1.0,0.0,0.14911909350747898,0.34479152190148077,0.4093177399939905,0.75,1.0,1.0,1.0
0.0,1.0,0.0,0.0,0.0,0.1097924558857946,0.2475072678757399,0.4689019679677993,0.75,0.0,1.0,0.0
0.0,1.0,0.0,1.0,0.0,0.16075154604631622,0.452578656132836,0.34196165619751107,0.375,0.0,0.5,0.0
0.0,1.0,0.3333333333333333,1.0,0.0,0.24463942493216173,0.10948456941610098,0.06735608379647946,0.75,1.0,0.0,1.0
0.0,1.0,1.0,1.0,1.0,0.45362090881258005,0.0,0.6735608379647946,0.75,1.0,0.0,1.0
0.0,1.0,0.0,1.0,0.0,0.1739051654556168,0.2831534067554007,0.41968021442421816,0.75,1.0,0.0,1.0
1.0,1.0,0.0,1.0,0.0,0.1870140446628449,0.24464284600148145,0.4714925865753562,0.75,1.0,0.0,1.0
0.0,1.0,0.6666666666666666,0.0,0.0,0.1644202426162572,0.02567370716927949,0.27978680961614544,0.75,1.0,0.0,1.0
1.0,1.0,0.3333333333333333,1.0,1.0,0.8717180971796341,0.0,1.0,0.75,1.0,0.0,1.0
0.0,1.0,0.0,1.0,0.0,0.2649962168751269,0.21790824184173585,0.5466205261945064,0.75,1.0,0.5,1.0
0.0,0.0,0.0,0.0,1.0,0.25949317202021543,0.0,0.34196165619751107,0.75,1.0,0.0,1.0
0.0,1.0,0.6666666666666666,1.0,0.0,0.3936690380354958,0.0,0.6683796007496807,0.75,0.0,1.0,0.0
0.0,0.0,0.0,1.0,0.0,0.14911909350747898,0.0,0.18134330252898315,0.75,1.0,1.0,1.0
0.0,1.0,1.0,1.0,0.0,0.1521166870463332,0.2652242476165237,0.31864608872949896,0.75,0.0,0.5,0.0
1.0,0.0,0.0,1.0,0.0,0.10639220052828834,0.0,0.02331556746801212,0.75,1.0,1.0,0.0
0.0,1.0,0.0,1.0,0.0,0.14164747976137967,0.21896913883220195,0.26942433518591785,0.75,0.0,1.0,0.0
0.0,1.0,0.3333333333333333,1.0,0.0,0.15287727048156485,0.18565697333156658,0.4818550610055838,0.75,1.0,1.0,1.0
0.0,1.0,0.6666666666666666,1.0,0.0,0.7456402077394674,0.0,0.7124201170781481,0.75,1.0,1.0,1.0
0.0,1.0,0.6666666666666666,0.0,0.0,0.274033737693762,0.17239576095074038,0.4844456796131407,1.0,1.0,0.0,0.0
0.0,1.0,1.0,1.0,0.0,0.2866057344761207,0.0,0.38859279113353534,0.75,1.0,0.0,0.0
0.0,1.0,0.6666666666666666,1.0,0.0,0.1413342983468725,0.04890735126048697,0.27978680961614544,0.175,1.0,1.0,1.0
0.0,0.0,0.0,1.0,0.0,0.14446611249194408,0.2905796856886633,0.28496804683125926,0.75,1.0,1.0,1.0
0.0,1.0,0.3333333333333333,1.0,0.0,0.07972704009310758,0.23679220827203235,0.27719619100858855,0.75,1.0,0.5,1.0
0.0,1.0,0.6666666666666666,1.0,0.0,0.2926009215538291,0.0,0.5310768145491649,0.75,1.0,0.0,1.0
0.0,0.0,0.0,1.0,0.0,0.08214301100501992,1.0,0.2331556746801212,0.75,1.0,1.0,0.0
1.0,1.0,0.0,1.0,0.0,0.14164747976137967,0.0,0.09326226987204848,0.75,1.0,0.0,1.0
0.0,1.0,0.3333333333333333,1.0,0.0,0.12469094317592076,0.20337395307235034,0.3782303167033077,0.75,0.0,0.5,0.0
0.0,1.0,0.3333333333333333,1.0,0.0,0.19162228547630736,0.3182690971398284,0.44558640049978715,0.175,1.0,0.5,0.0
0.0,1.0,0.0,1.0,0.0,0.1027682441604198,0.16146852194893963,0.26942433518591785,0.75,1.0,1.0,1.0
1.0,0.0,0.0,0.0,0.0,0.09686253748685628,0.0,0.18134330252898315,0.75,1.0,0.0,1.0
0.0,1.0,0.6666666666666666,1.0,1.0,0.12196179084950126,0.0,0.2746055724010316,0.75,0.0,0.0,0.0
0.0,1.0,0.0,1.0,0.0,0.13422060621735282,0.36240241194321793,0.1450746420231865,0.375,1.0,0.0,1.0
0.0,1.0,0.6666666666666666,1.0,1.0,0.26844121243470564,0.0,0.5310768145491649,0.5,1.0,0.0,0.0
0.0,1.0,0.0,1.0,0.0,0.17265243979758818,0.35009600685381126,0.3678678422730801,0.375,1.0,0.5,1.0
0.0,1.0,0.0,1.0,1.0,0.7212120574079092,0.0,0.6735608379647946,0.75,1.0,1.0,1.0
0.0,0.0,0.0,0.0,0.0,0.17148919454370445,0.0,0.28496804683125926,0.75,1.0,0.5,1.0
0.0,1.0,0.6666666666666666,0.0,1.0,0.28557670982845434,0.10608969904660948,0.4844456796131407,0.75,1.0,0.5,0.0
0.0,1.0,0.0,1.0,1.0,0.4457466332478287,0.0,0.4663113493602424,0.75,1.0,0.5,1.0
0.0,1.0,0.6666666666666666,1.0,0.0,0.2585983679787664,0.0,0.4973987726509252,0.75,1.0,1.0,1.0
0.0,1.0,1.0,1.0,0.0,0.2551533724191877,0.0,0.3315991817672835,0.75,1.0,1.0,1.0
0.0,0.0,0.0,1.0,0.0,0.16446498281832964,0.4562917955994673,0.44558640049978715,0.75,1.0,0.5,1.0
1.0,1.0,0.3333333333333333,1.0,0.0,0.5368824248694113,0.0,1.0,0.75,1.0,0.0,1.0
0.0,1.0,0.3333333333333333,1.0,0.0,0.1521166870463332,0.2652242476165237,0.4481770191073441,0.75,1.0,0.0,1.0
0.0,1.0,0.6666666666666666,0.0,0.0,0.1783791856628619,0.14969256535476597,0.40672712138643363,0.75,1.0,0.5,1.0
0.0,1.0,0.0,1.0,0.0,0.14460033309816142,0.20687491314088846,0.27978680961614544,0.75,1.0,0.5,1.0
1.0,0.0,0.0,1.0,0.0,0.12974658601010772,0.0,0.18393392113654006,0.75,1.0,0.5,1.0
0.0,1.0,1.0,1.0,0.0,0.18370326970948356,0.0,0.10362474430227608,0.375,1.0,0.5,1.0
0.0,1.0,0.3333333333333333,1.0,0.0,0.36114291112882396,0.025461527771186272,0.6554265077118963,0.75,1.0,1.0,1.0
0.0,1.0,0.6666666666666666,1.0,0.0,0.33926495231539544,0.0,0.4844456796131407,0.75,1.0,1.0,1.0
1.0,0.0,0.0,1.0,1.0,0.20504434609804265,0.0,0.344552274805068,0.75,0.0,0.0,0.0
